{"cameraMode":{"drawMode":0,"name":"Shaded","section":"Shading Mode"},"sceneLighting":false,"audioPlay":false,"sceneViewState":{"showFog":true,"showMaterialUpdate":false,"showSkybox":true,"showFlares":true,"showImageEffects":true,"showParticleSystems":true},"in2DMode":false,"pivot":{"x":-1.7568080425262452,"y":0.9764816761016846,"z":12.73898983001709},"rotation":{"x":0.2814602255821228,"y":0.6286670565605164,"z":-0.2617309093475342,"w":0.676058292388916},"size":3.06699538230896,"orthographic":false}