{"cameraMode":{"drawMode":0,"name":"Shaded","section":"Shading Mode"},"sceneLighting":true,"audioPlay":false,"sceneViewState":{"showFog":true,"showMaterialUpdate":false,"showSkybox":true,"showFlares":true,"showImageEffects":true,"showParticleSystems":true},"in2DMode":false,"pivot":{"x":10.66888427734375,"y":-3.386533498764038,"z":-4.69559907913208},"rotation":{"x":-0.14658717811107636,"y":-0.6478066444396973,"z":0.12895934283733369,"w":-0.7363615036010742},"size":18.173843383789064,"orthographic":false}