{"cameraMode":{"drawMode":0,"name":"Shaded","section":"Shading Mode"},"sceneLighting":true,"audioPlay":false,"sceneViewState":{"showFog":true,"showMaterialUpdate":false,"showSkybox":true,"showFlares":true,"showImageEffects":true,"showParticleSystems":true},"in2DMode":false,"pivot":{"x":-1.1257643699645997,"y":2.3547167778015138,"z":2.3837153911590578},"rotation":{"x":-0.04443375766277313,"y":-0.3769848346710205,"z":0.018110258504748346,"w":-0.9249757528305054},"size":4.268454074859619,"orthographic":false}